ID,word,synonym word
SY0001,මව,අම්මා  
SY0002,මව,මාතාව 
SY0003,මව,මෑණිය  
SY0004,ගුරු,ආචාර්ය  
SY0005,ගුරු,උපදේශක  
SY0006,ගුරු,ශික්ෂක  
SY0007,බාල,කුඩා  
SY0008,ලෝකය,පෘථිවිය  
SY0009,ලෝකය,විශ්වය  
SY0010,මිතුරා,යහළුවා  
SY0011,මිතුරා,සකි 
SY0012,මිතුරා,මිත්‍රයා
SY0013,ගග,දොළ  
SY0014,ගග,ඔය  
SY0015,ගග,නදිය  
SY0016,අදහස්,සංවේදන  
SY0017,අදහස්,අර්ථ
SY0018,අදහස්,දෘශ්ටිය  
SY0019,නුවණ,ප්‍රඥාව  
SY0020,නුවණ,දැනුම  
SY0021,සතුට,ආනන්දය  
SY0022,සතුට,ප්‍රීතිය  
SY0023,දුක්,වෙදනාව 
SY0024,දුක්,දුක 
SY0025,ඇඟ,ශරීරය 
SY0026,ඇඟ,සිරුර 
SY0027,ඇඟ,කය 
SY0028,කුරුල්ලා,පක්ෂියා
SY0029,කඳ,දේහය 
SY0030,ගෙදර,නිවස 
SY0031,ගෙදර,නිවහන​
SY0032,ගෙදර,නිවාසය
SY0033,මනුෂ්‍යයා,මිනිසා 
SY0034,මනුෂ්‍යයා,මනුස්සයා
SY0035,කාලය,වේලාව 
SY0036,අඳුරු,කලුවර​
SY0037,අඳුරු,අන්ධකාරය​
SY0038,ඇල,ඔය 
SY0039,ඇල,නදිය 
SY0040,ඇල,දොළ 
SY0041,අරුණ,උදාව 
SY0042,අරුණ,උදෑසන 
SY0043,අරුණ,උදේ 
SY0044,ගුරුතුමා,ගුරුමහත්මිය 
SY0045,ගුරුතුමා ,ආචාර්යාව 
SY0046,ගුරුතුමා,ගුරුමහතා
SY0047,ගුරුතුමා ,උපදේශකයා
SY0048,දරුවා,ළමයා 
SY0049,පුත්‍රයා,පුතු
SY0050,කුමාරයා,කුමරු
SY0051,දියණිය,දුව​
SY0052,දියණිය ,දූ
SY0053,කුමරිය​,කුමාරිය​
SY0054,කඳු,ගිරි 
SY0055,කඳු ,ගිරිකන්ද 
SY0056,කඳු,කන්ද 
SY0057,ගඟ ,නදිය 
SY0058,ගඟ,ඔය 
SY0059,ගඟ,දොළ
SY0060,පස,බිම 
SY0061,පස ,භූමි 
SY0062,අහස,ගගන 
SY0063,අහස,වියන 
SY0064,අහස,ආකාසය​
SY0065,දිය,ජලය 
SY0066,දිය,වතුර​
SY0067,දිය,පැන්
SY0068,දිය,පිණි 
SY0069,පොත් ,ග්‍රන්ථ 
SY0070,පොත්,පුස්ත​
SY0071,පොත්,පිටපත් 
SY0072,අත් ,හස්ත 
SY0073,අත්,දළ
SY0074,ඇස්,නේත්‍ර 
SY0075,ඇස් ,නෙත් 
SY0076,ඇස,නේත්‍රය 
SY0077,වචන ,පද 
SY0078,වචනය​,වදන​
SY0079,වචන,වදන් 
SY0080,කතා,කතනදර​
SY0081,කතාව,කාව්‍යය​
SY0082,කතා ,කාව්‍ය
SY0083,කතාව,කතනදර​ය
SY0084,නගරය ,පුරය 
SY0085,නගරය,ප්‍රාන්තය 
SY0086,නගරය ,පුරවරය 
SY0087,පර්යේෂණය,අධ්‍යයනය
SY0088,පර්යේෂණය,විද්‍යාත්මක අධ්‍යයනය
SY0089,පර්යේෂණය,විමර්ශනය
SY0090,අධ්‍යයනය,අධ්‍යාපනය
SY0091,අධ්‍යයනය,පර්යේෂණය
SY0092,ඇගයීම,විශ්ලේෂණය
SY0093,ඇගයීම,විමර්ශනය
SY0094,අගය කිරීම,ඇගයීම
SY0095,නිගමනය,නිෂ්කර්ෂය
SY0096,නිගමනය,අවසාන තීරණය
SY0097,නිර්දේශය,යෝජනාව
SY0098,නිර්දේශය,උපදෙස්
SY0099,සාකච්ඡාව,සංවාදය
SY0100,සාකච්ඡාව,විවාදය
SY0101,විශ්ලේෂණය,විමර්ශනය
SY0102,විශ්ලේෂණය,විචාරය
SY0103,දත්ත,තොරතුරු
SY0104,දත්ත,විස්තර
SY0105,ප්‍රතිඵල,නිමාව
SY0106,ප්‍රතිඵල,අවසාන තත්ත්වය
SY0107,පරිකල්පනය,උපකල්පනය
SY0108,උපකල්පනය,සංකල්පය
SY0109,අරමුණ,ඉලක්කය
SY0110,අරමුණ,පරමාර්ථය
SY0111,උපදෙස්,අනුශාසනය
SY0112,උපදෙස්,මගපෙන්වීම
SY0113,ප්‍රවේශය,ක්‍රමවේදය
SY0114,ප්‍රවේශය,ක්‍රමය
SY0115,ක්‍රමවේදය,ක්‍රියාමාර්ගය
SY0116,පර්යේෂකයා,අධ්‍යයනකරුවා
SY0117,පර්යේෂකයා,විද්‍යාඥයා
SY0118,ආකෘතිය,මාදිලිය
SY0119,ආකෘතිය,සැලැස්ම
SY0120,වාර්තාව,ලේඛනය
SY0121,වාර්තාව,විස්තරය
SY0122,ආශ්‍රිතය,සම්බන්ධිතය
SY0123,අවධාරණය,අවධානය
SY0124,සාරාංශය,කෙටි විස්තරය
SY0125,හැඳින්වීම,පුරෝකථනය
SY0126,අදහස,සංකල්පය
SY0127,අදහස,මතය
SY0128,අර්ථදැක්වීම,විවරණය
SY0129,ඉදිරිපත් කිරීම,නිරූපණය
SY0130,ප්‍රකාශනය,නිෂ්පාදනය
SY0131,ප්‍රකාශනය,ප්‍රචාරය
SY0132,සංවාදය,විවාදය
SY0133,අදාලය,සම්බන්ධිතය
SY0134,අවශ්‍යතාවය,අවශ්‍යකම
SY0135,ආරම්භය,පටන්ගැන්ම
SY0136,සංග්‍රහය,එකතුව
SY0137,ඇතුළත් කිරීම,එකතු කිරීම
SY0138,ආශ්‍රය,සම්බන්ධතාවය
SY0139,තර්කය,සාධකය
SY0140,විචාරය,විශ්ලේෂණය
SY0141,විද්‍යාව,විද්‍යාත්මක දැනුම
SY0142,උදාහරණය,මූදර්ශනය
SY0143,විවරණය,විස්තරය
SY0144,අවධානය,යොමු කිරීම
SY0145,අභිප්‍රේරණය,ප්‍රේරණය
SY0146,ආකල්පය,අදහස
SY0147,නියමය,පනත
SY0148,ආධාරය,සහාය
SY0149,උත්සාහය,ව්‍යාපෘතිය
SY0150,ප්‍රතිපත්ති,මාර්ගෝපදේශ
SY0151,අනුමානය,පරිකල්පනය
SY0152,ආකෘතිකරණය,නිර්මාණය
SY0153,පර්යේෂණය,අධ්‍යයනය
SY0154,පර්යේෂණය,විද්‍යාත්මක අධ්‍යයනය
SY0155,පර්යේෂණය,විමර්ශනය
SY0156,අධ්‍යයනය,අධ්‍යාපනය
SY0157,අධ්‍යයනය,පර්යේෂණය
SY0158,ඇගයීම,විශ්ලේෂණය
SY0159,ඇගයීම,විමර්ශනය
SY0160,අගය කිරීම,ඇගයීම
SY0161,නිගමනය,නිෂ්කර්ෂය
SY0162,නිගමනය,අවසාන තීරණය
SY0163,නිර්දේශය,යෝජනාව
SY0164,නිර්දේශය,උපදෙස්
SY0165,සාකච්ඡාව,සංවාදය
SY0166,සාකච්ඡාව,විවාදය
SY0167,විශ්ලේෂණය,විමර්ශනය
SY0168,විශ්ලේෂණය,විචාරය
SY0169,දත්ත,තොරතුරු
SY0170,දත්ත,විස්තර
SY0171,ප්‍රතිඵල,නිමාව
SY0172,ප්‍රතිඵල,අවසාන තත්ත්වය
SY0173,පරිකල්පනය,උපකල්පනය
SY0174,උපකල්පනය,සංකල්පය
SY0175,අරමුණ,ඉලක්කය
SY0176,අරමුණ,පරමාර්ථය
SY0177,උපදෙස්,අනුශාසනය
SY0178,උපදෙස්,මගපෙන්වීම
SY0179,ප්‍රවේශය,ක්‍රමවේදය
SY0180,ප්‍රවේශය,ක්‍රමය
SY0181,ක්‍රමවේදය,ක්‍රියාමාර්ගය
SY0182,පර්යේෂකයා,අධ්‍යයනකරුවා
SY0183,පර්යේෂකයා,විද්‍යාඥයා
SY0184,ආකෘතිය,මාදිලිය
SY0185,ආකෘතිය,සැලැස්ම
SY0186,වාර්තාව,ලේඛනය
SY0187,වාර්තාව,විස්තරය
SY0188,ආශ්‍රිතය,සම්බන්ධිතය
SY0189,අවධාරණය,අවධානය
SY0190,සාරාංශය,කෙටි විස්තරය
SY0191,හැඳින්වීම,පුරෝකථනය
SY0192,අදහස,සංකල්පය
SY0193,අදහස,මතය
SY0194,අර්ථදැක්වීම,විවරණය
SY0195,ඉදිරිපත් කිරීම,නිරූපණය
SY0196,ප්‍රකාශනය,නිෂ්පාදනය
SY0197,ප්‍රකාශනය,ප්‍රචාරය
SY0198,සංවාදය,විවාදය
SY0199,අදාලය,සම්බන්ධිතය
SY0200,අවශ්‍යතාවය,අවශ්‍යකම
SY0201,ආරම්භය,පටන්ගැන්ම
SY0202,සංග්‍රහය,එකතුව
SY0203,ඇතුළත් කිරීම,එකතු කිරීම
SY0204,ආශ්‍රය,සම්බන්ධතාවය
SY0205,තර්කය,සාධකය
SY0206,විචාරය,විශ්ලේෂණය
SY0207,විද්‍යාව,විද්‍යාත්මක දැනුම
SY0208,උදාහරණය,මූදර්ශනය
SY0209,විවරණය,විස්තරය
SY0210,අවධානය,යොමු කිරීම
SY0211,අභිප්‍රේරණය,ප්‍රේරණය
SY0212,ආකල්පය,අදහස
SY0213,නියමය,පනත
SY0214,ආධාරය,සහාය
SY0215,උත්සාහය,ව්‍යාපෘතිය
SY0216,ප්‍රතිපත්ති,මාර්ගෝපදේශ
SY0217,අනුමානය,පරිකල්පනය
SY0218,ආකෘතිකරණය,නිර්මාණය
SY0219,පර්යේෂණය,අධ්‍යයනය
SY0220,පර්යේෂණය,විද්‍යාත්මක අධ්‍යයනය
SY0221,පර්යේෂණය,විමර්ශනය
SY0222,අධ්‍යයනය,අධ්‍යාපනය
SY0223,අධ්‍යයනය,පර්යේෂණය
SY0224,ඇගයීම,විශ්ලේෂණය
SY0225,ඇගයීම,විමර්ශනය
SY0226,අගය කිරීම,ඇගයීම
SY0227,නිගමනය,නිෂ්කර්ෂය
SY0228,නිගමනය,අවසාන තීරණය
SY0229,නිර්දේශය,යෝජනාව
SY0230,නිර්දේශය,උපදෙස්
SY0231,සාකච්ඡාව,සංවාදය
SY0232,සාකච්ඡාව,විවාදය
SY0233,විශ්ලේෂණය,විමර්ශනය
SY0234,විශ්ලේෂණය,විචාරය
SY0235,දත්ත,තොරතුරු
SY0236,දත්ත,විස්තර
SY0237,ප්‍රතිඵල,නිමාව
SY0238,ප්‍රතිඵල,අවසාන තත්ත්වය
SY0239,පරිකල්පනය,උපකල්පනය
SY0240,උපකල්පනය,සංකල්පය
SY0241,අරමුණ,ඉලක්කය
SY0242,අරමුණ,පරමාර්ථය
SY0243,උපදෙස්,අනුශාසනය
SY0244,උපදෙස්,මගපෙන්වීම
SY0245,ප්‍රවේශය,ක්‍රමවේදය
SY0246,ප්‍රවේශය,ක්‍රමය
SY0247,ක්‍රමවේදය,ක්‍රියාමාර්ගය
SY0248,පර්යේෂකයා,අධ්‍යයනකරුවා
SY0249,පර්යේෂකයා,විද්‍යාඥයා
SY0250,ආකෘතිය,මාදිලිය
SY0251,ආකෘතිය,සැලැස්ම
SY0252,වාර්තාව,ලේඛනය
SY0253,වාර්තාව,විස්තරය
SY0254,ආශ්‍රිතය,සම්බන්ධිතය
SY0255,අවධාරණය,අවධානය
SY0256,සාරාංශය,කෙටි විස්තරය
SY0257,හැඳින්වීම,පුරෝකථනය
SY0258,අදහස,සංකල්පය
SY0259,අදහස,මතය
SY0260,අර්ථදැක්වීම,විවරණය
SY0261,ඉදිරිපත් කිරීම,නිරූපණය
SY0262,ප්‍රකාශනය,නිෂ්පාදනය
SY0263,ප්‍රකාශනය,ප්‍රචාරය
SY0264,සංවාදය,විවාදය
SY0265,අදාලය,සම්බන්ධිතය
SY0266,අවශ්‍යතාවය,අවශ්‍යකම
SY0267,ආරම්භය,පටන්ගැන්ම
SY0268,සංග්‍රහය,එකතුව
SY0269,ඇතුළත් කිරීම,එකතු කිරීම
SY0270,ආශ්‍රය,සම්බන්ධතාවය
SY0271,තර්කය,සාධකය
SY0272,විචාරය,විශ්ලේෂණය
SY0273,විද්‍යාව,විද්‍යාත්මක දැනුම
SY0274,උදාහරණය,මූදර්ශනය
SY0275,විවරණය,විස්තරය
SY0276,අවධානය,යොමු කිරීම
SY0277,අභිප්‍රේරණය,ප්‍රේරණය
SY0278,ආකල්පය,අදහස
SY0279,නියමය,පනත
SY0280,ආධාරය,සහාය
SY0281,උත්සාහය,ව්‍යාපෘතිය
SY0282,ප්‍රතිපත්ති,මාර්ගෝපදේශ
SY0283,අනුමානය,පරිකල්පනය
SY0284,ආකෘතිකරණය,නිර්මාණය
SY0285,පර්යේෂණය,අධ්‍යයනය
SY0286,පර්යේෂණය,විද්‍යාත්මක අධ්‍යයනය
SY0287,පර්යේෂණය,විමර්ශනය
SY0288,අධ්‍යයනය,අධ්‍යාපනය
SY0289,අධ්‍යයනය,පර්යේෂණය
SY0290,ඇගයීම,විශ්ලේෂණය
SY0291,ඇගයීම,විමර්ශනය
SY0292,අගය කිරීම,ඇගයීම
SY0293,නිගමනය,නිෂ්කර්ෂය
SY0294,නිගමනය,අවසාන තීරණය
SY0295,නිර්දේශය,යෝජනාව
SY0296,නිර්දේශය,උපදෙස්
SY0297,සාකච්ඡාව,සංවාදය
SY0298,සාකච්ඡාව,විවාදය
SY0299,විශ්ලේෂණය,විමර්ශනය
SY0300,විශ්ලේෂණය,විචාරය
SY0301,දත්ත,තොරතුරු
SY0302,දත්ත,විස්තර
SY0303,ප්‍රතිඵල,නිමාව
SY0304,ප්‍රතිඵල,අවසාන තත්ත්වය
SY0305,පරිකල්පනය,උපකල්පනය
SY0306,උපකල්පනය,සංකල්පය
SY0307,අරමුණ,ඉලක්කය
SY0308,අරමුණ,පරමාර්ථය
SY0309,උපදෙස්,අනුශාසනය
SY0310,උපදෙස්,මගපෙන්වීම
SY0311,ප්‍රවේශය,ක්‍රමවේදය
SY0312,ප්‍රවේශය,ක්‍රමය
SY0313,ක්‍රමවේදය,ක්‍රියාමාර්ගය
SY0314,පර්යේෂකයා,අධ්‍යයනකරුවා
SY0315,පර්යේෂකයා,විද්‍යාඥයා
SY0316,ආකෘතිය,මාදිලිය
SY0317,ආකෘතිය,සැලැස්ම
SY0318,වාර්තාව,ලේඛනය
SY0319,වාර්තාව,විස්තරය
SY0320,ආශ්‍රිතය,සම්බන්ධිතය
SY0321,අවධාරණය,අවධානය
SY0322,සාරාංශය,කෙටි විස්තරය
SY0323,හැඳින්වීම,පුරෝකථනය
SY0324,අදහස,සංකල්පය
SY0325,අදහස,මතය
SY0326,අර්ථදැක්වීම,විවරණය
SY0327,ඉදිරිපත් කිරීම,නිරූපණය
SY0328,ප්‍රකාශනය,නිෂ්පාදනය
SY0329,ප්‍රකාශනය,ප්‍රචාරය
SY0330,සංවාදය,විවාදය
SY0331,අදාලය,සම්බන්ධිතය
SY0332,අවශ්‍යතාවය,අවශ්‍යකම
SY0333,ආරම්භය,පටන්ගැන්ම
SY0334,සංග්‍රහය,එකතුව
SY0335,ඇතුළත් කිරීම,එකතු කිරීම
SY0336,ආශ්‍රය,සම්බන්ධතාවය
SY0337,තර්කය,සාධකය
SY0338,විචාරය,විශ්ලේෂණය
SY0339,විද්‍යාව,විද්‍යාත්මක දැනුම
SY0340,උදාහරණය,මූදර්ශනය
SY0341,විවරණය,විස්තරය
SY0342,අවධානය,යොමු කිරීම
SY0343,අභිප්‍රේරණය,ප්‍රේරණය
SY0344,ආකල්පය,අදහස
SY0345,නියමය,පනත
SY0346,ආධාරය,සහාය
SY0347,උත්සාහය,ව්‍යාපෘතිය
SY0348,ප්‍රතිපත්ති,මාර්ගෝපදේශ
SY0349,අනුමානය,පරිකල්පනය
SY0350,ආකෘතිකරණය,නිර්මාණය
SY0351,පර්යේෂණය,අධ්‍යයනය
SY0352,පර්යේෂණය,විද්‍යාත්මක අධ්‍යයනය
SY0353,පර්යේෂණය,විමර්ශනය
SY0354,අධ්‍යයනය,අධ්‍යාපනය
SY0355,අධ්‍යයනය,පර්යේෂණය
SY0356,ඇගයීම,විශ්ලේෂණය
SY0357,ඇගයීම,විමර්ශනය
SY0358,අගය කිරීම,ඇගයීම
SY0359,නිගමනය,නිෂ්කර්ෂය
SY0360,නිගමනය,අවසාන තීරණය
SY0361,නිර්දේශය,යෝජනාව
SY0362,නිර්දේශය,උපදෙස්
SY0363,සාකච්ඡාව,සංවාදය
SY0364,සාකච්ඡාව,විවාදය
SY0365,විශ්ලේෂණය,විමර්ශනය
SY0366,විශ්ලේෂණය,විචාරය
SY0367,දත්ත,තොරතුරු
SY0368,දත්ත,විස්තර
SY0369,ප්‍රතිඵල,නිමාව
SY0370,ප්‍රතිඵල,අවසාන තත්ත්වය
SY0371,පරිකල්පනය,උපකල්පනය
SY0372,උපකල්පනය,සංකල්පය
SY0373,අරමුණ,ඉලක්කය
SY0374,අරමුණ,පරමාර්ථය
SY0375,උපදෙස්,අනුශාසනය
SY0376,උපදෙස්,මගපෙන්වීම
SY0377,ප්‍රවේශය,ක්‍රමවේදය
SY0378,ප්‍රවේශය,ක්‍රමය
SY0379,ක්‍රමවේදය,ක්‍රියාමාර්ගය
SY0380,පර්යේෂකයා,අධ්‍යයනකරුවා
SY0381,පර්යේෂකයා,විද්‍යාඥයා
SY0382,ආකෘතිය,මාදිලිය
SY0383,ආකෘතිය,සැලැස්ම
SY0384,වාර්තාව,ලේඛනය
SY0385,වාර්තාව,විස්තරය
SY0386,ආශ්‍රිතය,සම්බන්ධිතය
SY0387,අවධාරණය,අවධානය
SY0388,සාරාංශය,කෙටි විස්තරය
SY0389,හැඳින්වීම,පුරෝකථනය
SY0390,අදහස,සංකල්පය
SY0391,අදහස,මතය
SY0392,අර්ථදැක්වීම,විවරණය
SY0393,ඉදිරිපත් කිරීම,නිරූපණය
SY0394,ප්‍රකාශනය,නිෂ්පාදනය
SY0395,ප්‍රකාශනය,ප්‍රචාරය
SY0396,සංවාදය,විවාදය
SY0397,අදාලය,සම්බන්ධිතය
SY0398,අවශ්‍යතාවය,අවශ්‍යකම
SY0399,ආරම්භය,පටන්ගැන්ම
SY0400,සංග්‍රහය,එකතුව
SY0401,ඇතුළත් කිරීම,එකතු කිරීම
SY0402,ආශ්‍රය,සම්බන්ධතාවය
SY0403,තර්කය,සාධකය
SY0404,විචාරය,විශ්ලේෂණය
SY0405,විද්‍යාව,විද්‍යාත්මක දැනුම
SY0406,උදාහරණය,මූදර්ශනය
SY0407,විවරණය,විස්තරය
SY0408,අවධානය,යොමු කිරීම
SY0409,අභිප්‍රේරණය,ප්‍රේරණය
SY0410,ආකල්පය,අදහස
SY0411,නියමය,පනත
SY0412,ආධාරය,සහාය
SY0413,උත්සාහය,ව්‍යාපෘතිය
SY0414,ප්‍රතිපත්ති,මාර්ගෝපදේශ
SY0415,අනුමානය,පරිකල්පනය
SY0416,ආකෘතිකරණය,නිර්මාණය
SY0417,පර්යේෂණය,අධ්‍යයනය
SY0418,පර්යේෂණය,විද්‍යාත්මක අධ්‍යයනය
SY0419,පර්යේෂණය,විමර්ශනය
SY0420,අධ්‍යයනය,අධ්‍යාපනය
SY0421,අධ්‍යයනය,පර්යේෂණය
SY0422,ඇගයීම,විශ්ලේෂණය
SY0423,ඇගයීම,විමර්ශනය
SY0424,අගය කිරීම,ඇගයීම
SY0425,නිගමනය,නිෂ්කර්ෂය
SY0426,නිගමනය,අවසාන තීරණය
SY0427,නිර්දේශය,යෝජනාව
SY0428,නිර්දේශය,උපදෙස්
SY0429,සාකච්ඡාව,සංවාදය
SY0430,සාකච්ඡාව,විවාදය
SY0431,විශ්ලේෂණය,විමර්ශනය
SY0432,විශ්ලේෂණය,විචාරය
SY0433,දත්ත,තොරතුරු
SY0434,දත්ත,විස්තර
SY0435,ප්‍රතිඵල,නිමාව
SY0436,ප්‍රතිඵල,අවසාන තත්ත්වය
SY0437,පරිකල්පනය,උපකල්පනය
SY0438,උපකල්පනය,සංකල්පය
SY0439,අරමුණ,ඉලක්කය
SY0440,අරමුණ,පරමාර්ථය
SY0441,උපදෙස්,අනුශාසනය
SY0442,උපදෙස්,මගපෙන්වීම
SY0443,ප්‍රවේශය,ක්‍රමවේදය
SY0444,ප්‍රවේශය,ක්‍රමය
SY0445,ක්‍රමවේදය,ක්‍රියාමාර්ගය
SY0446,පර්යේෂකයා,අධ්‍යයනකරුවා
SY0447,පර්යේෂකයා,විද්‍යාඥයා
SY0448,ආකෘතිය,මාදිලිය
SY0449,ආකෘතිය,සැලැස්ම
SY0450,වාර්තාව,ලේඛනය
SY0451,වාර්තාව,විස්තරය
SY0452,ආශ්‍රිතය,සම්බන්ධිතය
SY0453,අවධාරණය,අවධානය
SY0454,සාරාංශය,කෙටි විස්තරය
SY0455,හැඳින්වීම,පුරෝකථනය
SY0456,අදහස,සංකල්පය
SY0457,අදහස,මතය
SY0458,අර්ථදැක්වීම,විවරණය
SY0459,ඉදිරිපත් කිරීම,නිරූපණය
SY0460,ප්‍රකාශනය,නිෂ්පාදනය
SY0461,ප්‍රකාශනය,ප්‍රචාරය
SY0462,සංවාදය,විවාදය
SY0463,අදාලය,සම්බන්ධිතය
SY0464,අවශ්‍යතාවය,අවශ්‍යකම
SY0465,ආරම්භය,පටන්ගැන්ම
SY0466,සංග්‍රහය,එකතුව
SY0467,ඇතුළත් කිරීම,එකතු කිරීම
SY0468,ආශ්‍රය,සම්බන්ධතාවය
SY0469,තර්කය,සාධකය
SY0470,විචාරය,විශ්ලේෂණය
SY0471,විද්‍යාව,විද්‍යාත්මක දැනුම
SY0472,උදාහරණය,මූදර්ශනය
SY0473,විවරණය,විස්තරය
SY0474,අවධානය,යොමු කිරීම
SY0475,අභිප්‍රේරණය,ප්‍රේරණය
SY0476,ආකල්පය,අදහස
SY0477,නියමය,පනත
SY0478,ආධාරය,සහාය
SY0479,උත්සාහය,ව්‍යාපෘතිය
SY0480,ප්‍රතිපත්ති,මාර්ගෝපදේශ
SY0481,අනුමානය,පරිකල්පනය
SY0482,ආකෘතිකරණය,නිර්මාණය
SY0483,පර්යේෂණය,අධ්‍යයනය
SY0484,පර්යේෂණය,විද්‍යාත්මක අධ්‍යයනය
SY0485,පර්යේෂණය,විමර්ශනය
SY0486,අධ්‍යයනය,අධ්‍යාපනය
SY0487,අධ්‍යයනය,පර්යේෂණය
SY0488,ඇගයීම,විශ්ලේෂණය
SY0489,ඇගයීම,විමර්ශනය
SY0490,අගය කිරීම,ඇගයීම
SY0491,නිගමනය,නිෂ්කර්ෂය
SY0492,නිගමනය,අවසාන තීරණය
SY0493,නිර්දේශය,යෝජනාව
SY0494,නිර්දේශය,උපදෙස්
SY0495,සාකච්ඡාව,සංවාදය
SY0496,සාකච්ඡාව,විවාදය
SY0497,විශ්ලේෂණය,විමර්ශනය
SY0498,විශ්ලේෂණය,විචාරය
SY0499,දත්ත,තොරතුරු
SY0500,දත්ත,විස්තර
SY0501,ප්‍රතිඵල,නිමාව
SY0502,ප්‍රතිඵල,අවසාන තත්ත්වය
SY0503,පරිකල්පනය,උපකල්පනය
SY0504,උපකල්පනය,සංකල්පය
SY0505,අරමුණ,ඉලක්කය
SY0506,අරමුණ,පරමාර්ථය
SY0507,උපදෙස්,අනුශාසනය
SY0508,උපදෙස්,මගපෙන්වීම
SY0509,ප්‍රවේශය,ක්‍රමවේදය
SY0510,ප්‍රවේශය,ක්‍රමය
SY0511,ක්‍රමවේදය,ක්‍රියාමාර්ගය
SY0512,පර්යේෂකයා,අධ්‍යයනකරුවා
SY0513,පර්යේෂකයා,විද්‍යාඥයා
SY0514,ආකෘතිය,මාදිලිය
SY0515,ආකෘතිය,සැලැස්ම
SY0516,වාර්තාව,ලේඛනය
SY0517,වාර්තාව,විස්තරය
SY0518,ආශ්‍රිතය,සම්බන්ධිතය
SY0519,අවධාරණය,අවධානය
SY0520,සාරාංශය,කෙටි විස්තරය
SY0521,හැඳින්වීම,පුරෝකථනය
SY0522,අදහස,සංකල්පය
SY0523,අදහස,මතය
SY0524,අර්ථදැක්වීම,විවරණය
SY0525,ඉදිරිපත් කිරීම,නිරූපණය
SY0526,ප්‍රකාශනය,නිෂ්පාදනය
SY0527,ප්‍රකාශනය,ප්‍රචාරය
SY0528,සංවාදය,විවාදය
SY0529,අදාලය,සම්බන්ධිතය
SY0530,අවශ්‍යතාවය,අවශ්‍යකම
SY0531,ආරම්භය,පටන්ගැන්ම
SY0532,සංග්‍රහය,එකතුව
SY0533,ඇතුළත් කිරීම,එකතු කිරීම
SY0534,ආශ්‍රය,සම්බන්ධතාවය
SY0535,තර්කය,සාධකය
SY0536,විචාරය,විශ්ලේෂණය
SY0537,විද්‍යාව,විද්‍යාත්මක දැනුම
SY0538,උදාහරණය,මූදර්ශනය
SY0539,විවරණය,විස්තරය
SY0540,අවධානය,යොමු කිරීම
SY0541,අභිප්‍රේරණය,ප්‍රේරණය
SY0542,ආකල්පය,අදහස
SY0543,නියමය,පනත
SY0544,ආධාරය,සහාය
SY0545,උත්සාහය,ව්‍යාපෘතිය
SY0546,ප්‍රතිපත්ති,මාර්ගෝපදේශ
SY0547,අනුමානය,පරිකල්පනය
SY0548,ආකෘතිකරණය,නිර්මාණය
SY0549,පර්යේෂණය,අධ්‍යයනය
SY0550,පර්යේෂණය,විද්‍යාත්මක අධ්‍යයනය
SY0551,පර්යේෂණය,විමර්ශනය
SY0552,අධ්‍යයනය,අධ්‍යාපනය
SY0553,අධ්‍යයනය,පර්යේෂණය
SY0554,ඇගයීම,විශ්ලේෂණය
SY0555,ඇගයීම,විමර්ශනය
SY0556,අගය කිරීම,ඇගයීම
SY0557,නිගමනය,නිෂ්කර්ෂය
SY0558,නිගමනය,අවසාන තීරණය
SY0559,නිර්දේශය,යෝජනාව
SY0560,නිර්දේශය,උපදෙස්
SY0561,සාකච්ඡාව,සංවාදය
SY0562,සාකච්ඡාව,විවාදය
SY0563,විශ්ලේෂණය,විමර්ශනය
SY0564,විශ්ලේෂණය,විචාරය
SY0565,දත්ත,තොරතුරු
SY0566,දත්ත,විස්තර
SY0567,ප්‍රතිඵල,නිමාව
SY0568,ප්‍රතිඵල,අවසාන තත්ත්වය
SY0569,පරිකල්පනය,උපකල්පනය
SY0570,උපකල්පනය,සංකල්පය
SY0571,අරමුණ,ඉලක්කය
SY0572,අරමුණ,පරමාර්ථය
SY0573,උපදෙස්,අනුශාසනය
SY0574,උපදෙස්,මගපෙන්වීම
SY0575,ප්‍රවේශය,ක්‍රමවේදය
SY0576,ප්‍රවේශය,ක්‍රමය
SY0577,ක්‍රමවේදය,ක්‍රියාමාර්ගය
SY0578,පර්යේෂකයා,අධ්‍යයනකරුවා
SY0579,පර්යේෂකයා,විද්‍යාඥයා
SY0580,ආකෘතිය,මාදිලිය
SY0581,ආකෘතිය,සැලැස්ම
SY0582,වාර්තාව,ලේඛනය
SY0583,වාර්තාව,විස්තරය
SY0584,ආශ්‍රිතය,සම්බන්ධිතය
SY0585,අවධාරණය,අවධානය
SY0586,සාරාංශය,කෙටි විස්තරය
SY0587,හැඳින්වීම,පුරෝකථනය
SY0588,අදහස,සංකල්පය
SY0589,අදහස,මතය
SY0590,අර්ථදැක්වීම,විවරණය
SY0591,ඉදිරිපත් කිරීම,නිරූපණය
SY0592,ප්‍රකාශනය,නිෂ්පාදනය
SY0593,ප්‍රකාශනය,ප්‍රචාරය
SY0594,සංවාදය,විවාදය
SY0595,අදාලය,සම්බන්ධිතය
SY0596,අවශ්‍යතාවය,අවශ්‍යකම
SY0597,ආරම්භය,පටන්ගැන්ම
SY0598,සංග්‍රහය,එකතුව
SY0599,ඇතුළත් කිරීම,එකතු කිරීම
SY0600,ආශ්‍රය,සම්බන්ධතාවය
SY0601,තර්කය,සාධකය
SY0602,විචාරය,විශ්ලේෂණය
SY0603,විද්‍යාව,විද්‍යාත්මක දැනුම
SY0604,උදාහරණය,මූදර්ශනය
SY0605,විවරණය,විස්තරය
SY0606,අවධානය,යොමු කිරීම
SY0607,අභිප්‍රේරණය,ප්‍රේරණය
SY0608,ආකල්පය,අදහස
SY0609,නියමය,පනත
SY0610,ආධාරය,සහාය
SY0611,උත්සාහය,ව්‍යාපෘතිය
SY0612,ප්‍රතිපත්ති,මාර්ගෝපදේශ
SY0613,අනුමානය,පරිකල්පනය
SY0614,ආකෘතිකරණය,නිර්මාණය
SY0615,පර්යේෂණය,අධ්‍යයනය
SY0616,පර්යේෂණය,විද්‍යාත්මක අධ්‍යයනය
SY0617,පර්යේෂණය,විමර්ශනය
SY0618,අධ්‍යයනය,අධ්‍යාපනය
SY0619,අධ්‍යයනය,පර්යේෂණය
SY0620,ඇගයීම,විශ්ලේෂණය
SY0621,ඇගයීම,විමර්ශනය
SY0622,අගය කිරීම,ඇගයීම
SY0623,නිගමනය,නිෂ්කර්ෂය
SY0624,නිගමනය,අවසාන තීරණය
SY0625,නිර්දේශය,යෝජනාව
SY0626,නිර්දේශය,උපදෙස්
SY0627,සාකච්ඡාව,සංවාදය
SY0628,සාකච්ඡාව,විවාදය
SY0629,විශ්ලේෂණය,විමර්ශනය
SY0630,විශ්ලේෂණය,විචාරය
SY0631,දත්ත,තොරතුරු
SY0632,දත්ත,විස්තර
SY0633,ප්‍රතිඵල,නිමාව
SY0634,ප්‍රතිඵල,අවසාන තත්ත්වය
SY0635,පරිකල්පනය,උපකල්පනය
SY0636,උපකල්පනය,සංකල්පය
SY0637,අරමුණ,ඉලක්කය
SY0638,අරමුණ,පරමාර්ථය
SY0639,උපදෙස්,අනුශාසනය
SY0640,උපදෙස්,මගපෙන්වීම
SY0641,ප්‍රවේශය,ක්‍රමවේදය
SY0642,ප්‍රවේශය,ක්‍රමය
SY0643,ක්‍රමවේදය,ක්‍රියාමාර්ගය
SY0644,පර්යේෂකයා,අධ්‍යයනකරුවා
SY0645,පර්යේෂකයා,විද්‍යාඥයා
SY0646,ආකෘතිය,මාදිලිය
SY0647,ආකෘතිය,සැලැස්ම
SY0648,වාර්තාව,ලේඛනය
SY0649,වාර්තාව,විස්තරය
SY0650,ආශ්‍රිතය,සම්බන්ධිතය
SY0651,අවධාරණය,අවධානය
SY0652,සාරාංශය,කෙටි විස්තරය
SY0653,හැඳින්වීම,පුරෝකථනය
SY0654,අදහස,සංකල්පය
SY0655,අදහස,මතය
SY0656,අර්ථදැක්වීම,විවරණය
SY0657,ඉදිරිපත් කිරීම,නිරූපණය
SY0658,ප්‍රකාශනය,නිෂ්පාදනය
SY0659,ප්‍රකාශනය,ප්‍රචාරය
SY0660,සංවාදය,විවාදය
SY0661,අදාලය,සම්බන්ධිතය
SY0662,අවශ්‍යතාවය,අවශ්‍යකම
SY0663,ආරම්භය,පටන්ගැන්ම
SY0664,සංග්‍රහය,එකතුව
SY0665,ඇතුළත් කිරීම,එකතු කිරීම
SY0666,ආශ්‍රය,සම්බන්ධතාවය
SY0667,තර්කය,සාධකය
SY0668,විචාරය,විශ්ලේෂණය
SY0669,විද්‍යාව,විද්‍යාත්මක දැනුම
SY0670,උදාහරණය,මූදර්ශනය
SY0671,විවරණය,විස්තරය
SY0672,අවධානය,යොමු කිරීම
SY0673,අභිප්‍රේරණය,ප්‍රේරණය
SY0674,ආකල්පය,අදහස
SY0675,නියමය,පනත
SY0676,ආධාරය,සහාය
SY0677,උත්සාහය,ව්‍යාපෘතිය
SY0678,ප්‍රතිපත්ති,මාර්ගෝපදේශ
SY0679,අනුමානය,පරිකල්පනය
SY0680,ආකෘතිකරණය,නිර්මාණය
SY0681,පර්යේෂණය,අධ්‍යයනය
SY0682,පර්යේෂණය,විද්‍යාත්මක අධ්‍යයනය
SY0683,පර්යේෂණය,විමර්ශනය
SY0684,අධ්‍යයනය,අධ්‍යාපනය
SY0685,අධ්‍යයනය,පර්යේෂණය
SY0686,ඇගයීම,විශ්ලේෂණය
SY0687,ඇගයීම,විමර්ශනය
SY0688,අගය කිරීම,ඇගයීම
SY0689,නිගමනය,නිෂ්කර්ෂය
SY0690,නිගමනය,අවසාන තීරණය
SY0691,නිර්දේශය,යෝජනාව
SY0692,නිර්දේශය,උපදෙස්
SY0693,සාකච්ඡාව,සංවාදය
SY0694,සාකච්ඡාව,විවාදය
SY0695,විශ්ලේෂණය,විමර්ශනය
SY0696,විශ්ලේෂණය,විචාරය
SY0697,දත්ත,තොරතුරු
SY0698,දත්ත,විස්තර
SY0699,ප්‍රතිඵල,නිමාව
SY0700,ප්‍රතිඵල,අවසාන තත්ත්වය
SY0701,පරිකල්පනය,උපකල්පනය
SY0702,උපකල්පනය,සංකල්පය
SY0703,අරමුණ,ඉලක්කය
SY0704,අරමුණ,පරමාර්ථය
SY0705,උපදෙස්,අනුශාසනය
SY0706,උපදෙස්,මගපෙන්වීම
SY0707,ප්‍රවේශය,ක්‍රමවේදය
SY0708,ප්‍රවේශය,ක්‍රමය
SY0709,ක්‍රමවේදය,ක්‍රියාමාර්ගය
SY0710,පර්යේෂකයා,අධ්‍යයනකරුවා
SY0711,පර්යේෂකයා,විද්‍යාඥයා
SY0712,ආකෘතිය,මාදිලිය
SY0713,ආකෘතිය,සැලැස්ම
SY0714,වාර්තාව,ලේඛනය
SY0715,වාර්තාව,විස්තරය
SY0716,ආශ්‍රිතය,සම්බන්ධිතය
SY0717,අවධාරණය,අවධානය
SY0718,සාරාංශය,කෙටි විස්තරය
SY0719,හැඳින්වීම,පුරෝකථනය
SY0720,අදහස,සංකල්පය
SY0721,අදහස,මතය
SY0722,අර්ථදැක්වීම,විවරණය
SY0723,ඉදිරිපත් කිරීම,නිරූපණය
SY0724,ප්‍රකාශනය,නිෂ්පාදනය
SY0725,ප්‍රකාශනය,ප්‍රචාරය
SY0726,සංවාදය,විවාදය
SY0727,අදාලය,සම්බන්ධිතය
SY0728,අවශ්‍යතාවය,අවශ්‍යකම
SY0729,ආරම්භය,පටන්ගැන්ම
SY0730,සංග්‍රහය,එකතුව
SY0731,ඇතුළත් කිරීම,එකතු කිරීම
SY0732,ආශ්‍රය,සම්බන්ධතාවය
SY0733,තර්කය,සාධකය
SY0734,විචාරය,විශ්ලේෂණය
SY0735,විද්‍යාව,විද්‍යාත්මක දැනුම
SY0736,උදාහරණය,මූදර්ශනය
SY0737,විවරණය,විස්තරය
SY0738,අවධානය,යොමු කිරීම
SY0739,අභිප්‍රේරණය,ප්‍රේරණය
SY0740,ආකල්පය,අදහස
SY0741,නියමය,පනත
SY0742,ආධාරය,සහාය
SY0743,උත්සාහය,ව්‍යාපෘතිය
SY0744,ප්‍රතිපත්ති,මාර්ගෝපදේශ
SY0745,අනුමානය,පරිකල්පනය
SY0746,ආකෘතිකරණය,නිර්මාණය
SY0747,පර්යේෂණය,අධ්‍යයනය
SY0748,පර්යේෂණය,විද්‍යාත්මක අධ්‍යයනය
SY0749,පර්යේෂණය,විමර්ශනය
SY0750,අධ්‍යයනය,අධ්‍යාපනය
SY0751,අධ්‍යයනය,පර්යේෂණය
SY0752,ඇගයීම,විශ්ලේෂණය
SY0753,ඇගයීම,විමර්ශනය
SY0754,අගය කිරීම,ඇගයීම
SY0755,නිගමනය,නිෂ්කර්ෂය
SY0756,නිගමනය,අවසාන තීරණය
SY0757,නිර්දේශය,යෝජනාව
SY0758,නිර්දේශය,උපදෙස්
SY0759,සාකච්ඡාව,සංවාදය
SY0760,සාකච්ඡාව,විවාදය
SY0761,විශ්ලේෂණය,විමර්ශනය
SY0762,විශ්ලේෂණය,විචාරය
SY0763,දත්ත,තොරතුරු
SY0764,දත්ත,විස්තර
SY0765,ප්‍රතිඵල,නිමාව
SY0766,ප්‍රතිඵල,අවසාන තත්ත්වය
SY0767,පරිකල්පනය,උපකල්පනය
SY0768,උපකල්පනය,සංකල්පය
SY0769,අරමුණ,ඉලක්කය
SY0770,අරමුණ,පරමාර්ථය
SY0771,උපදෙස්,අනුශාසනය
SY0772,උපදෙස්,මගපෙන්වීම
SY0773,ප්‍රවේශය,ක්‍රමවේදය
SY0774,ප්‍රවේශය,ක්‍රමය
SY0775,ක්‍රමවේදය,ක්‍රියාමාර්ගය
SY0776,පර්යේෂකයා,අධ්‍යයනකරුවා
SY0777,පර්යේෂකයා,විද්‍යාඥයා
SY0778,ආකෘතිය,මාදිලිය
SY0779,ආකෘතිය,සැලැස්ම
SY0780,වාර්තාව,ලේඛනය
SY0781,වාර්තාව,විස්තරය
SY0782,ආශ්‍රිතය,සම්බන්ධිතය
SY0783,අවධාරණය,අවධානය
SY0784,සාරාංශය,කෙටි විස්තරය
SY0785,හැඳින්වීම,පුරෝකථනය
SY0786,අදහස,සංකල්පය
SY0787,අදහස,මතය
SY0788,අර්ථදැක්වීම,විවරණය
SY0789,ඉදිරිපත් කිරීම,නිරූපණය
SY0790,ප්‍රකාශනය,නිෂ්පාදනය
SY0791,ප්‍රකාශනය,ප්‍රචාරය
SY0792,සංවාදය,විවාදය
SY0793,අදාලය,සම්බන්ධිතය
SY0794,අවශ්‍යතාවය,අවශ්‍යකම
SY0795,ආරම්භය,පටන්ගැන්ම
SY0796,සංග්‍රහය,එකතුව
SY0797,ඇතුළත් කිරීම,එකතු කිරීම
SY0798,ආශ්‍රය,සම්බන්ධතාවය
SY0799,තර්කය,සාධකය
SY0800,විචාරය,විශ්ලේෂණය
SY0801,විද්‍යාව,විද්‍යාත්මක දැනුම
SY0802,උදාහරණය,මූදර්ශනය
SY0803,විවරණය,විස්තරය
SY0804,අවධානය,යොමු කිරීම
SY0805,අභිප්‍රේරණය,ප්‍රේරණය
SY0806,ආකල්පය,අදහස
SY0807,නියමය,පනත
SY0808,ආධාරය,සහාය
SY0809,උත්සාහය,ව්‍යාපෘතිය
SY0810,ප්‍රතිපත්ති,මාර්ගෝපදේශ
SY0811,අනුමානය,පරිකල්පනය
SY0812,ආකෘතිකරණය,නිර්මාණය
SY0813,පර්යේෂණය,අධ්‍යයනය
SY0814,පර්යේෂණය,විද්‍යාත්මක අධ්‍යයනය
SY0815,පර්යේෂණය,විමර්ශනය
SY0816,අධ්‍යයනය,අධ්‍යාපනය
SY0817,අධ්‍යයනය,පර්යේෂණය
SY0818,ඇගයීම,විශ්ලේෂණය
SY0819,ඇගයීම,විමර්ශනය
SY0820,අගය කිරීම,ඇගයීම
SY0821,නිගමනය,නිෂ්කර්ෂය
SY0822,නිගමනය,අවසාන තීරණය
SY0823,නිර්දේශය,යෝජනාව
SY0824,නිර්දේශය,උපදෙස්
SY0825,සාකච්ඡාව,සංවාදය
SY0826,සාකච්ඡාව,විවාදය
SY0827,විශ්ලේෂණය,විමර්ශනය
SY0828,විශ්ලේෂණය,විචාරය
SY0829,දත්ත,තොරතුරු
SY0830,දත්ත,විස්තර
SY0831,ප්‍රතිඵල,නිමාව
SY0832,ප්‍රතිඵල,අවසාන තත්ත්වය
SY0833,පරිකල්පනය,උපකල්පනය
SY0834,උපකල්පනය,සංකල්පය
SY0835,අරමුණ,ඉලක්කය
SY0836,අරමුණ,පරමාර්ථය
SY0837,උපදෙස්,අනුශාසනය
SY0838,උපදෙස්,මගපෙන්වීම
SY0839,ප්‍රවේශය,ක්‍රමවේදය
SY0840,ප්‍රවේශය,ක්‍රමය
SY0841,ක්‍රමවේදය,ක්‍රියාමාර්ගය
SY0842,පර්යේෂකයා,අධ්‍යයනකරුවා
SY0843,පර්යේෂකයා,විද්‍යාඥයා
SY0844,ආකෘතිය,මාදිලිය
SY0845,ආකෘතිය,සැලැස්ම
SY0846,වාර්තාව,ලේඛනය
SY0847,වාර්තාව,විස්තරය
SY0848,ආශ්‍රිතය,සම්බන්ධිතය
SY0849,අවධාරණය,අවධානය
SY0850,සාරාංශය,කෙටි විස්තරය
SY0851,හැඳින්වීම,පුරෝකථනය
SY0852,අදහස,සංකල්පය
SY0853,අදහස,මතය
SY0854,අර්ථදැක්වීම,විවරණය
SY0855,ඉදිරිපත් කිරීම,නිරූපණය
SY0856,ප්‍රකාශනය,නිෂ්පාදනය
SY0857,ප්‍රකාශනය,ප්‍රචාරය
SY0858,සංවාදය,විවාදය
SY0859,අදාලය,සම්බන්ධිතය
SY0860,අවශ්‍යතාවය,අවශ්‍යකම
SY0861,ආරම්භය,පටන්ගැන්ම
SY0862,සංග්‍රහය,එකතුව
SY0863,ඇතුළත් කිරීම,එකතු කිරීම
SY0864,ආශ්‍රය,සම්බන්ධතාවය
SY0865,තර්කය,සාධකය
SY0866,විචාරය,විශ්ලේෂණය
SY0867,විද්‍යාව,විද්‍යාත්මක දැනුම
SY0868,උදාහරණය,මූදර්ශනය
SY0869,විවරණය,විස්තරය
SY0870,අවධානය,යොමු කිරීම
SY0871,අභිප්‍රේරණය,ප්‍රේරණය
SY0872,ආකල්පය,අදහස
SY0873,නියමය,පනත
SY0874,ආධාරය,සහාය
SY0875,උත්සාහය,ව්‍යාපෘතිය
SY0876,ප්‍රතිපත්ති,මාර්ගෝපදේශ
SY0877,අනුමානය,පරිකල්පනය
SY0878,ආකෘතිකරණය,නිර්මාණය
SY0879,පර්යේෂණය,අධ්‍යයනය
SY0880,පර්යේෂණය,විද්‍යාත්මක අධ්‍යයනය
SY0881,පර්යේෂණය,විමර්ශනය
SY0882,අධ්‍යයනය,අධ්‍යාපනය
SY0883,අධ්‍යයනය,පර්යේෂණය
SY0884,ඇගයීම,විශ්ලේෂණය
SY0885,ඇගයීම,විමර්ශනය
SY0886,අගය කිරීම,ඇගයීම
SY0887,නිගමනය,නිෂ්කර්ෂය
SY0888,නිගමනය,අවසාන තීරණය
SY0889,නිර්දේශය,යෝජනාව
SY0890,නිර්දේශය,උපදෙස්
SY0891,සාකච්ඡාව,සංවාදය
SY0892,සාකච්ඡාව,විවාදය
SY0893,විශ්ලේෂණය,විමර්ශනය
SY0894,විශ්ලේෂණය,විචාරය
SY0895,දත්ත,තොරතුරු
SY0896,දත්ත,විස්තර
SY0897,ප්‍රතිඵල,නිමාව
SY0898,ප්‍රතිඵල,අවසාන තත්ත්වය
SY0899,පරිකල්පනය,උපකල්පනය
SY0900,උපකල්පනය,සංකල්පය
SY0901,අරමුණ,ඉලක්කය
SY0902,අරමුණ,පරමාර්ථය
SY0903,උපදෙස්,අනුශාසනය
SY0904,උපදෙස්,මගපෙන්වීම
SY0905,ප්‍රවේශය,ක්‍රමවේදය
SY0906,ප්‍රවේශය,ක්‍රමය
SY0907,ක්‍රමවේදය,ක්‍රියාමාර්ගය
SY0908,පර්යේෂකයා,අධ්‍යයනකරුවා
SY0909,පර්යේෂකයා,විද්‍යාඥයා
SY0910,ආකෘතිය,මාදිලිය
SY0911,ආකෘතිය,සැලැස්ම
SY0912,වාර්තාව,ලේඛනය
SY0913,වාර්තාව,විස්තරය
SY0914,ආශ්‍රිතය,සම්බන්ධිතය
SY0915,අවධාරණය,අවධානය
SY0916,සාරාංශය,කෙටි විස්තරය
SY0917,හැඳින්වීම,පුරෝකථනය
SY0918,අදහස,සංකල්පය
SY0919,අදහස,මතය
SY0920,අර්ථදැක්වීම,විවරණය
SY0921,ඉදිරිපත් කිරීම,නිරූපණය
SY0922,ප්‍රකාශනය,නිෂ්පාදනය
SY0923,ප්‍රකාශනය,ප්‍රචාරය
SY0924,සංවාදය,විවාදය
SY0925,අදාලය,සම්බන්ධිතය
SY0926,අවශ්‍යතාවය,අවශ්‍යකම
SY0927,ආරම්භය,පටන්ගැන්ම
SY0928,සංග්‍රහය,එකතුව
SY0929,ඇතුළත් කිරීම,එකතු කිරීම
SY0930,ආශ්‍රය,සම්බන්ධතාවය
SY0931,තර්කය,සාධකය
SY0932,විචාරය,විශ්ලේෂණය
SY0933,විද්‍යාව,විද්‍යාත්මක දැනුම
SY0934,උදාහරණය,මූදර්ශනය
SY0935,විවරණය,විස්තරය
SY0936,අවධානය,යොමු කිරීම
SY0937,අභිප්‍රේරණය,ප්‍රේරණය
SY0938,ආකල්පය,අදහස
SY0939,නියමය,පනත
SY0940,ආධාරය,සහාය
SY0941,උත්සාහය,ව්‍යාපෘතිය
SY0942,ප්‍රතිපත්ති,මාර්ගෝපදේශ
SY0943,අනුමානය,පරිකල්පනය
SY0944,ආකෘතිකරණය,නිර්මාණය
SY0945,පර්යේෂණය,අධ්‍යයනය
SY0946,පර්යේෂණය,විද්‍යාත්මක අධ්‍යයනය
SY0947,පර්යේෂණය,විමර්ශනය
SY0948,අධ්‍යයනය,අධ්‍යාපනය
SY0949,අධ්‍යයනය,පර්යේෂණය
SY0950,ඇගයීම,විශ්ලේෂණය
SY0951,ඇගයීම,විමර්ශනය
SY0952,අගය කිරීම,ඇගයීම
SY0953,නිගමනය,නිෂ්කර්ෂය
SY0954,නිගමනය,අවසාන තීරණය
SY0955,නිර්දේශය,යෝජනාව
SY0956,නිර්දේශය,උපදෙස්
SY0957,සාකච්ඡාව,සංවාදය
SY0958,සාකච්ඡාව,විවාදය
SY0959,විශ්ලේෂණය,විමර්ශනය
SY0960,විශ්ලේෂණය,විචාරය
SY0961,දත්ත,තොරතුරු
SY0962,දත්ත,විස්තර
SY0963,ප්‍රතිඵල,නිමාව
SY0964,ප්‍රතිඵල,අවසාන තත්ත්වය
SY0965,පරිකල්පනය,උපකල්පනය
SY0966,උපකල්පනය,සංකල්පය
SY0967,අරමුණ,ඉලක්කය
SY0968,අරමුණ,පරමාර්ථය
SY0969,උපදෙස්,අනුශාසනය
SY0970,උපදෙස්,මගපෙන්වීම
SY0971,ප්‍රවේශය,ක්‍රමවේදය
SY0972,ප්‍රවේශය,ක්‍රමය
SY0973,ක්‍රමවේදය,ක්‍රියාමාර්ගය
SY0974,පර්යේෂකයා,අධ්‍යයනකරුවා
SY0975,පර්යේෂකයා,විද්‍යාඥයා
SY0976,ආකෘතිය,මාදිලිය
SY0977,ආකෘතිය,සැලැස්ම
SY0978,වාර්තාව,ලේඛනය
SY0979,වාර්තාව,විස්තරය
SY0980,ආශ්‍රිතය,සම්බන්ධිතය
SY0981,අවධාරණය,අවධානය
SY0982,සාරාංශය,කෙටි විස්තරය
SY0983,හැඳින්වීම,පුරෝකථනය
SY0984,අදහස,සංකල්පය
SY0985,අදහස,මතය
SY0986,අර්ථදැක්වීම,විවරණය
SY0987,ඉදිරිපත් කිරීම,නිරූපණය
SY0988,ප්‍රකාශනය,නිෂ්පාදනය
SY0989,ප්‍රකාශනය,ප්‍රචාරය
SY0990,සංවාදය,විවාදය
SY0991,අදාලය,සම්බන්ධිතය
SY0992,අවශ්‍යතාවය,අවශ්‍යකම
SY0993,ආරම්භය,පටන්ගැන්ම
SY0994,සංග්‍රහය,එකතුව
SY0995,ඇතුළත් කිරීම,එකතු කිරීම
SY0996,ආශ්‍රය,සම්බන්ධතාවය
SY0997,තර්කය,සාධකය
SY0998,විචාරය,විශ්ලේෂණය
SY0999,විද්‍යාව,විද්‍යාත්මක දැනුම
SY1000,උදාහරණය,මූදර්ශනය
SY1001,විවරණය,විස්තරය
SY1002,අවධානය,යොමු කිරීම
SY1003,අභිප්‍රේරණය,ප්‍රේරණය
SY1004,ආකල්පය,අදහස
SY1005,නියමය,පනත
SY1006,ආධාරය,සහාය
SY1007,උත්සාහය,ව්‍යාපෘතිය
SY1008,ප්‍රතිපත්ති,මාර්ගෝපදේශ
SY1009,අනුමානය,පරිකල්පනය
SY1010,ආකෘතිකරණය,නිර්මාණය
SY1011,පර්යේෂණය,අධ්‍යයනය
SY1012,පර්යේෂණය,විද්‍යාත්මක අධ්‍යයනය
SY1013,පර්යේෂණය,විමර්ශනය
SY1014,අධ්‍යයනය,අධ්‍යාපනය
SY1015,අධ්‍යයනය,පර්යේෂණය
SY1016,ඇගයීම,විශ්ලේෂණය
SY1017,ඇගයීම,විමර්ශනය
SY1018,අගය කිරීම,ඇගයීම
SY1019,නිගමනය,නිෂ්කර්ෂය
SY1020,නිගමනය,අවසාන තීරණය
SY1021,නිර්දේශය,යෝජනාව
SY1022,නිර්දේශය,උපදෙස්
SY1023,සාකච්ඡාව,සංවාදය
SY1024,සාකච්ඡාව,විවාදය
SY1025,විශ්ලේෂණය,විමර්ශනය
SY1026,විශ්ලේෂණය,විචාරය
SY1027,දත්ත,තොරතුරු
SY1028,දත්ත,විස්තර
SY1029,ප්‍රතිඵල,නිමාව
SY1030,ප්‍රතිඵල,අවසාන තත්ත්වය
SY1031,පරිකල්පනය,උපකල්පනය
SY1032,උපකල්පනය,සංකල්පය
SY1033,අරමුණ,ඉලක්කය
SY1034,අරමුණ,පරමාර්ථය
SY1035,උපදෙස්,අනුශාසනය
SY1036,උපදෙස්,මගපෙන්වීම
SY1037,ප්‍රවේශය,ක්‍රමවේදය
SY1038,ප්‍රවේශය,ක්‍රමය
SY1039,ක්‍රමවේදය,ක්‍රියාමාර්ගය
SY1040,පර්යේෂකයා,අධ්‍යයනකරුවා
SY1041,පර්යේෂකයා,විද්‍යාඥයා
SY1042,ආකෘතිය,මාදිලිය
SY1043,ආකෘතිය,සැලැස්ම
SY1044,වාර්තාව,ලේඛනය
SY1045,වාර්තාව,විස්තරය
SY1046,ආශ්‍රිතය,සම්බන්ධිතය
SY1047,අවධාරණය,අවධානය
SY1048,සාරාංශය,කෙටි විස්තරය
SY1049,හැඳින්වීම,පුරෝකථනය
SY1050,අදහස,සංකල්පය
SY1051,අදහස,මතය
SY1052,අර්ථදැක්වීම,විවරණය
SY1053,ඉදිරිපත් කිරීම,නිරූපණය
SY1054,ප්‍රකාශනය,නිෂ්පාදනය
SY1055,ප්‍රකාශනය,ප්‍රචාරය
SY1056,සංවාදය,විවාදය
SY1057,අදාලය,සම්බන්ධිතය
SY1058,අවශ්‍යතාවය,අවශ්‍යකම
SY1059,ආරම්භය,පටන්ගැන්ම
SY1060,සංග්‍රහය,එකතුව
SY1061,ඇතුළත් කිරීම,එකතු කිරීම
SY1062,ආශ්‍රය,සම්බන්ධතාවය
SY1063,තර්කය,සාධකය
SY1064,විචාරය,විශ්ලේෂණය
SY1065,විද්‍යාව,විද්‍යාත්මක දැනුම
SY1066,උදාහරණය,මූදර්ශනය
SY1067,විවරණය,විස්තරය
SY1068,අවධානය,යොමු කිරීම
SY1069,අභිප්‍රේරණය,ප්‍රේරණය
SY1070,ආකල්පය,අදහස
SY1071,නියමය,පනත
SY1072,ආධාරය,සහාය
SY1073,උත්සාහය,ව්‍යාපෘතිය
SY1074,ප්‍රතිපත්ති,මාර්ගෝපදේශ
SY1075,අනුමානය,පරිකල්පනය
SY1076,ආකෘතිකරණය,නිර්මාණය
SY1077,පර්යේෂණය,අධ්‍යයනය
SY1078,පර්යේෂණය,විද්‍යාත්මක අධ්‍යයනය
SY1079,පර්යේෂණය,විමර්ශනය
SY1080,අධ්‍යයනය,අධ්‍යාපනය
SY1081,අධ්‍යයනය,පර්යේෂණය
SY1082,ඇගයීම,විශ්ලේෂණය
SY1083,ඇගයීම,විමර්ශනය
SY1084,අගය කිරීම,ඇගයීම
SY1085,නිගමනය,නිෂ්කර්ෂය
SY1086,නිගමනය,අවසාන තීරණය